INVALID_V1.md	1185
test/02250.npz	33499884
test/02251.npz	24296612
test/02252.npz	20525820
test/02253.npz	16179836
test/02254.npz	24892928
test/02255.npz	46377500
test/02256.npz	39410076
test/02257.npz	26719280
test/02258.npz	20813416
test/02259.npz	16999860
test/02260.npz	26922380
test/02261.npz	40560460
test/02262.npz	16805416
test/02263.npz	19219428
test/02264.npz	33039484
test/02265.npz	28071732
test/02266.npz	37051812
test/02267.npz	43667236
test/02268.npz	30253380
test/02269.npz	72744812
test/02270.npz	92543792
test/02271.npz	32325080
test/02272.npz	39101356
test/02273.npz	19143072
test/02274.npz	20128276
test/02275.npz	29399764
test/02276.npz	34104856
test/02277.npz	2833164
test/02278.npz	36522680
test/02279.npz	27311268
test/02280.npz	36616348
test/02281.npz	28549444
test/02282.npz	28317080
test/02283.npz	24422840
test/02284.npz	23227428
test/02285.npz	27150416
test/02286.npz	19810900
test/02287.npz	33500400
test/02288.npz	44851728
test/02289.npz	42212976
test/02290.npz	18057092
test/02291.npz	5318688
test/02292.npz	32341876
test/02293.npz	18124792
test/02294.npz	19802760
test/02295.npz	18289456
test/02296.npz	22280144
test/02297.npz	12421512
test/02298.npz	23857336
test/02299.npz	17198632
test/02300.npz	46758248
test/02301.npz	62426296
test/02302.npz	24372968
test/02303.npz	17532288
test/02304.npz	20225756
test/02305.npz	33428888
test/02306.npz	22208116
test/02307.npz	30173212
test/02308.npz	35660408
test/02309.npz	49260568
test/02310.npz	15655548
test/02311.npz	26393764
test/02312.npz	53500932
test/02313.npz	23946160
test/02314.npz	19769168
test/02315.npz	29179868
test/02316.npz	34675720
test/02317.npz	41240240
test/02318.npz	25547772
test/02319.npz	27763528
test/02320.npz	38894960
test/02321.npz	18259676
test/02322.npz	27708296
test/02323.npz	40509556
test/02324.npz	20809088
test/02325.npz	23083372
test/02326.npz	6849304
test/02327.npz	25699968
test/02328.npz	16488556
test/02329.npz	35132308
test/02330.npz	29437684
test/02331.npz	21535960
test/02332.npz	41866852
test/02333.npz	27991564
test/02334.npz	18838680
test/02335.npz	15439980
test/02336.npz	32671720
test/02337.npz	31808416
test/02338.npz	17553928
test/02339.npz	19350500
test/02340.npz	36036312
test/02341.npz	23577880
test/02342.npz	33196008
test/02343.npz	22440996
test/02344.npz	39047156
test/02345.npz	43095340
test/02346.npz	43583256
test/02347.npz	22199976
test/02348.npz	17456964
test/02349.npz	30705640
test/02350.npz	33170556
test/02351.npz	157350024
test/02352.npz	12873772
test/02353.npz	31263520
test/02354.npz	20123948
test/02355.npz	20537772
test/02356.npz	21958956
test/02357.npz	38408592
test/02358.npz	22221100
test/02359.npz	34747748
test/02360.npz	37406592
test/02361.npz	30566428
test/02362.npz	30067592
test/02363.npz	46525884
test/02364.npz	31999048
test/02365.npz	31859320
test/02366.npz	42090560
test/02367.npz	16754512
test/02368.npz	42982612
test/02369.npz	28887944
test/02370.npz	25696156
test/02371.npz	22428012
test/02372.npz	29703640
test/02373.npz	27556616
test/02374.npz	38362016
test/02375.npz	3205256
test/02376.npz	24304752
test/02377.npz	25028328
test/02378.npz	22554756
test/02379.npz	35732436
test/02380.npz	14049092
test/02381.npz	18906380
test/02382.npz	35250396
test/02383.npz	23413216
test/02384.npz	13520476
test/02385.npz	15325704
test/02386.npz	28815916
test/02387.npz	29293628
test/02388.npz	19544944
test/02389.npz	69041088
test/02390.npz	19650048
test/02391.npz	43147792
test/02392.npz	35499556
test/02393.npz	42589912
test/02394.npz	24106496
test/02395.npz	16441980
test/02396.npz	21891256
test/02397.npz	24153072
test/02398.npz	18682672
test/02399.npz	17198632
test/02400.npz	3378576
test/02401.npz	51721156
test/02402.npz	16881772
test/02403.npz	28372312
test/02404.npz	18915036
test/02405.npz	34511056
test/02406.npz	32058092
test/02407.npz	31682188
test/02408.npz	26427356
test/02409.npz	32299628
test/02410.npz	10421840
test/02411.npz	30545304
test/02412.npz	38011564
test/02413.npz	36882304
test/02414.npz	35546648
test/02415.npz	28655580
test/02416.npz	41676736
test/02417.npz	53886008
test/02418.npz	28630128
test/02419.npz	30642268
test/02420.npz	25797448
test/02421.npz	33022688
test/02422.npz	31162228
test/02423.npz	19756184
test/02424.npz	16805416
test/02425.npz	32743748
test/02426.npz	32346204
test/02427.npz	21307924
test/02428.npz	22318064
test/02429.npz	22973424
test/02430.npz	21396748
test/02431.npz	22593192
test/02432.npz	21798104
test/02433.npz	24512180
test/02434.npz	29754544
test/02435.npz	31733092
test/02436.npz	20436996
test/02437.npz	17857804
test/02438.npz	22749716
test/02439.npz	127299712
test/02440.npz	56160808
test/02441.npz	36574100
test/02442.npz	17109808
test/02443.npz	25527164
test/02444.npz	34416872
test/02445.npz	24787308
test/02446.npz	19959284
test/02447.npz	16906708
test/02448.npz	23392092
test/02449.npz	24833884
test/02450.npz	27978580
test/02451.npz	17824212
test/02452.npz	20906568
test/02453.npz	30790136
test/02454.npz	49003268
test/02455.npz	17722404
test/02456.npz	29724764
test/02457.npz	54097248
test/02458.npz	47878336
test/02459.npz	32350532
test/02460.npz	20525820
test/02461.npz	22876460
test/02462.npz	26211788
test/02463.npz	36928364
test/02464.npz	33448980
test/02465.npz	41308456
test/02466.npz	16441980
test/02467.npz	26068248
test/02468.npz	19113808
test/02469.npz	36696516
test/02470.npz	25370640
test/02471.npz	17727248
test/02472.npz	57859900
test/02473.npz	18234224
test/02474.npz	53040016
test/02475.npz	35969128
test/02476.npz	16226412
test/02477.npz	30967784
test/02478.npz	23523164
test/02479.npz	20309736
test/02480.npz	20195976
test/02481.npz	28917724
test/02482.npz	28672376
test/02483.npz	26939176
test/02484.npz	31855508
test/02485.npz	24609660
test/02486.npz	32823916
test/02487.npz	22812572
test/02488.npz	44225116
test/02489.npz	24393576
test/02490.npz	23244224
test/02491.npz	28169212
test/02492.npz	44690876
test/02493.npz	157540140
test/02494.npz	41743404
test/02495.npz	27738076
test/02496.npz	44293332
test/02497.npz	20208960
test/02498.npz	17596176
test/02499.npz	21992548
train/00000.npz	14810072
train/00001.npz	9965252
train/00002.npz	29166884
train/00003.npz	55044532
train/00004.npz	15296440
train/00005.npz	33470620
train/00006.npz	18648564
train/00007.npz	30164040
train/00008.npz	40593536
train/00009.npz	33906084
train/00010.npz	32223272
train/00011.npz	37448324
train/00012.npz	23700812
train/00013.npz	24964440
train/00014.npz	23426200
train/00015.npz	65389532
train/00016.npz	46217164
train/00017.npz	34616160
train/00018.npz	19337516
train/00019.npz	48736796
train/00020.npz	35292644
train/00021.npz	31044140
train/00022.npz	157751380
train/00023.npz	25518508
train/00024.npz	22131760
train/00025.npz	26105652
train/00026.npz	28126964
train/00027.npz	28566240
train/00028.npz	27349188
train/00029.npz	38911756
train/00030.npz	36172228
train/00031.npz	30600020
train/00032.npz	20444620
train/00033.npz	24748872
train/00034.npz	26351516
train/00035.npz	15608972
train/00036.npz	15955612
train/00037.npz	29699312
train/00038.npz	32054280
train/00039.npz	28376124
train/00040.npz	31809448
train/00041.npz	45337580
train/00042.npz	64434108
train/00043.npz	29475604
train/00044.npz	43164588
train/00045.npz	33893100
train/00046.npz	31809448
train/00047.npz	34891288
train/00048.npz	28871148
train/00049.npz	28909068
train/00050.npz	39444184
train/00051.npz	28930192
train/00052.npz	18999532
train/00053.npz	29386780
train/00054.npz	26465276
train/00055.npz	24707140
train/00056.npz	31407576
train/00057.npz	29775668
train/00058.npz	23767996
train/00059.npz	13084496
train/00060.npz	37106528
train/00061.npz	158638588
train/00062.npz	48424264
train/00063.npz	33153244
train/00064.npz	36738764
train/00065.npz	24263020
train/00066.npz	29204804
train/00067.npz	36505884
train/00068.npz	41866852
train/00069.npz	16683000
train/00070.npz	15943144
train/00071.npz	27184008
train/00072.npz	20043264
train/00073.npz	22292612
train/00074.npz	29323408
train/00075.npz	24432012
train/00076.npz	24880460
train/00077.npz	20195976
train/00078.npz	35779012
train/00079.npz	16382936
train/00080.npz	46868196
train/00081.npz	24101652
train/00082.npz	14480228
train/00083.npz	28232584
train/00084.npz	21168196
train/00085.npz	35537992
train/00086.npz	9305564
train/00087.npz	25501712
train/00088.npz	30270692
train/00089.npz	28190336
train/00090.npz	27784652
train/00091.npz	39748576
train/00092.npz	33749560
train/00093.npz	23743060
train/00094.npz	27666564
train/00095.npz	22800104
train/00096.npz	27234912
train/00097.npz	22947456
train/00098.npz	25070060
train/00099.npz	56151636
train/00100.npz	24630784
train/00101.npz	23556240
train/00102.npz	21882600
train/00103.npz	47345392
train/00104.npz	13440308
train/00105.npz	17338360
train/00106.npz	29792980
train/00107.npz	26913208
train/00108.npz	31674048
train/00109.npz	157434520
train/00110.npz	31859836
train/00111.npz	22563412
train/00112.npz	27568568
train/00113.npz	47916772
train/00114.npz	28144276
train/00115.npz	24279816
train/00116.npz	16922988
train/00117.npz	27885428
train/00118.npz	24850680
train/00119.npz	15613300
train/00120.npz	33470620
train/00121.npz	40644956
train/00122.npz	34595036
train/00123.npz	41101544
train/00124.npz	40623832
train/00125.npz	17727248
train/00126.npz	13575708
train/00127.npz	38184368
train/00128.npz	18026796
train/00129.npz	29873148
train/00130.npz	20931504
train/00131.npz	20474400
train/00132.npz	10574036
train/00133.npz	37436372
train/00134.npz	22926848
train/00135.npz	24415216
train/00136.npz	45494104
train/00137.npz	32646268
train/00138.npz	29107840
train/00139.npz	17565880
train/00140.npz	40146120
train/00141.npz	30287488
train/00142.npz	37842056
train/00143.npz	31868492
train/00144.npz	42381968
train/00145.npz	29589880
train/00146.npz	36928880
train/00147.npz	21050108
train/00148.npz	3243176
train/00149.npz	23899584
train/00150.npz	24026328
train/00151.npz	33919068
train/00152.npz	14268988
train/00153.npz	39541664
train/00154.npz	40146120
train/00155.npz	39740436
train/00156.npz	23032468
train/00157.npz	23582208
train/00158.npz	18221756
train/00159.npz	22677688
train/00160.npz	22554756
train/00161.npz	22005532
train/00162.npz	36146776
train/00163.npz	29378124
train/00164.npz	19388420
train/00165.npz	35901428
train/00166.npz	31411388
train/00167.npz	47404952
train/00168.npz	42640300
train/00169.npz	26744732
train/00170.npz	27057780
train/00171.npz	30811776
train/00172.npz	23679688
train/00173.npz	30126636
train/00174.npz	14869116
train/00175.npz	40969440
train/00176.npz	15359812
train/00177.npz	38167572
train/00178.npz	57741296
train/00179.npz	24038796
train/00180.npz	24022000
train/00181.npz	17105480
train/00182.npz	33068748
train/00183.npz	41443856
train/00184.npz	24021484
train/00185.npz	29699828
train/00186.npz	19743716
train/00187.npz	26165212
train/00188.npz	21050108
train/00189.npz	61745484
train/00190.npz	15203288
train/00191.npz	31035484
train/00192.npz	39380812
train/00193.npz	30080060
train/00194.npz	25568896
train/00195.npz	23239896
train/00196.npz	18577052
train/00197.npz	28304612
train/00198.npz	45172916
train/00199.npz	35508212
train/00200.npz	21590676
train/00201.npz	55061328
train/00202.npz	22618644
train/00203.npz	15943144
train/00204.npz	21743388
train/00205.npz	23007016
train/00206.npz	47493776
train/00207.npz	16514008
train/00208.npz	28346860
train/00209.npz	15486556
train/00210.npz	41989784
train/00211.npz	67963880
train/00212.npz	52908944
train/00213.npz	24474260
train/00214.npz	22754044
train/00215.npz	18750372
train/00216.npz	52215664
train/00217.npz	24005204
train/00218.npz	36489604
train/00219.npz	29657064
train/00220.npz	29023344
train/00221.npz	18877116
train/00222.npz	16475572
train/00223.npz	34624816
train/00224.npz	44678408
train/00225.npz	22621940
train/00226.npz	32071592
train/00227.npz	25957784
train/00228.npz	54245632
train/00229.npz	23759856
train/00230.npz	29509196
train/00231.npz	30650408
train/00232.npz	32844524
train/00233.npz	16297924
train/00234.npz	38493088
train/00235.npz	43769044
train/00236.npz	27433684
train/00237.npz	98795780
train/00238.npz	39122996
train/00239.npz	22288284
train/00240.npz	34439028
train/00241.npz	29712296
train/00242.npz	53712688
train/00243.npz	24025812
train/00244.npz	20420200
train/00245.npz	28440012
train/00246.npz	46394812
train/00247.npz	37998064
train/00248.npz	37930880
train/00249.npz	40441856
train/00250.npz	26241568
train/00251.npz	38822932
train/00252.npz	21696812
train/00253.npz	40526352
train/00254.npz	29242724
train/00255.npz	17875116
train/00256.npz	19105152
train/00257.npz	41566788
train/00258.npz	32507056
train/00259.npz	44999596
train/00260.npz	21007860
train/00261.npz	25712952
train/00262.npz	29056936
train/00263.npz	26812432
train/00264.npz	33251240
train/00265.npz	28008360
train/00266.npz	41782356
train/00267.npz	38035984
train/00268.npz	17934160
train/00269.npz	23692156
train/00270.npz	36417060
train/00271.npz	64349612
train/00272.npz	36248584
train/00273.npz	33212804
train/00274.npz	36066608
train/00275.npz	32041812
train/00276.npz	48030532
train/00277.npz	28482260
train/00278.npz	31306284
train/00279.npz	29302284
train/00280.npz	25294284
train/00281.npz	28807776
train/00282.npz	13292440
train/00283.npz	31885288
train/00284.npz	22647908
train/00285.npz	23899584
train/00286.npz	24076716
train/00287.npz	22292612
train/00288.npz	38670220
train/00289.npz	48111216
train/00290.npz	34201820
train/00291.npz	31141620
train/00292.npz	26808104
train/00293.npz	16657032
train/00294.npz	14497024
train/00295.npz	40412592
train/00296.npz	34286832
train/00297.npz	45976144
train/00298.npz	35441028
train/00299.npz	29323408
train/00300.npz	31449824
train/00301.npz	36226944
train/00302.npz	22622456
train/00303.npz	23433824
train/00304.npz	74833308
train/00305.npz	12810400
train/00306.npz	25484916
train/00307.npz	21827884
train/00308.npz	33373656
train/00309.npz	22923036
train/00310.npz	59377532
train/00311.npz	31771012
train/00312.npz	30816104
train/00313.npz	25294800
train/00314.npz	47370844
train/00315.npz	39613692
train/00316.npz	14772152
train/00317.npz	32891616
train/00318.npz	29919724
train/00319.npz	27848024
train/00320.npz	26955972
train/00321.npz	35787668
train/00322.npz	13896380
train/00323.npz	32345688
train/00324.npz	25865148
train/00325.npz	22778980
train/00326.npz	13791276
train/00327.npz	26110496
train/00328.npz	34476948
train/00329.npz	22377624
train/00330.npz	28418888
train/00331.npz	159039944
train/00332.npz	30114168
train/00333.npz	25755200
train/00334.npz	57749436
train/00335.npz	49412764
train/00336.npz	32760544
train/00337.npz	17278800
train/00338.npz	30447308
train/00339.npz	29374312
train/00340.npz	22411216
train/00341.npz	53454872
train/00342.npz	19680344
train/00343.npz	26524836
train/00344.npz	42720984
train/00345.npz	34007892
train/00346.npz	34294972
train/00347.npz	17727248
train/00348.npz	27678516
train/00349.npz	40142308
train/00350.npz	26710624
train/00351.npz	26668376
train/00352.npz	18669688
train/00353.npz	40589724
train/00354.npz	29327736
train/00355.npz	27184008
train/00356.npz	28490400
train/00357.npz	26892600
train/00358.npz	21573364
train/00359.npz	65499480
train/00360.npz	37216476
train/00361.npz	60784700
train/00362.npz	42758388
train/00363.npz	29116496
train/00364.npz	11859304
train/00365.npz	26719280
train/00366.npz	28756872
train/00367.npz	48254756
train/00368.npz	26478260
train/00369.npz	23412700
train/00370.npz	23103980
train/00371.npz	30536648
train/00372.npz	23962956
train/00373.npz	22263348
train/00374.npz	31361000
train/00375.npz	31069592
train/00376.npz	26068248
train/00377.npz	157159908
train/00378.npz	26444152
train/00379.npz	31259708
train/00380.npz	16750700
train/00381.npz	25345188
train/00382.npz	12007172
train/00383.npz	34071264
train/00384.npz	22199460
train/00385.npz	37367640
train/00386.npz	42754576
train/00387.npz	40856196
train/00388.npz	43355220
train/00389.npz	32798464
train/00390.npz	28152416
train/00391.npz	19810900
train/00392.npz	19692296
train/00393.npz	21160056
train/00394.npz	20694812
train/00395.npz	53475480
train/00396.npz	27611332
train/00397.npz	41101544
train/00398.npz	28435684
train/00399.npz	65104716
train/00400.npz	52837432
train/00401.npz	21857148
train/00402.npz	39254068
train/00403.npz	26592536
train/00404.npz	62049360
train/00405.npz	14911364
train/00406.npz	35203820
train/00407.npz	31057124
train/00408.npz	34142776
train/00409.npz	41743920
train/00410.npz	22787636
train/00411.npz	38966988
train/00412.npz	23797776
train/00413.npz	29399764
train/00414.npz	66061688
train/00415.npz	26672188
train/00416.npz	17295596
train/00417.npz	20090356
train/00418.npz	22449136
train/00419.npz	21498040
train/00420.npz	27429356
train/00421.npz	33711640
train/00422.npz	28968112
train/00423.npz	17299924
train/00424.npz	47878852
train/00425.npz	25057592
train/00426.npz	30460808
train/00427.npz	27766824
train/00428.npz	26203132
train/00429.npz	39326096
train/00430.npz	28726576
train/00431.npz	21291128
train/00432.npz	44957348
train/00433.npz	23345516
train/00434.npz	20500368
train/00435.npz	22300752
train/00436.npz	31610676
train/00437.npz	51121028
train/00438.npz	25573224
train/00439.npz	37507884
train/00440.npz	40556648
train/00441.npz	48592740
train/00442.npz	44072920
train/00443.npz	22267676
train/00444.npz	27763012
train/00445.npz	51531556
train/00446.npz	19097012
train/00447.npz	29014688
train/00448.npz	16919692
train/00449.npz	26309268
train/00450.npz	32942004
train/00451.npz	36988440
train/00452.npz	23028656
train/00453.npz	15287268
train/00454.npz	28021344
train/00455.npz	29983096
train/00456.npz	31567912
train/00457.npz	31377796
train/00458.npz	14103808
train/00459.npz	35647940
train/00460.npz	37491088
train/00461.npz	31639940
train/00462.npz	40958004
train/00463.npz	51408624
train/00464.npz	39880164
train/00465.npz	16187460
train/00466.npz	36472292
train/00467.npz	17096824
train/00468.npz	43024860
train/00469.npz	29006032
train/00470.npz	64002456
train/00471.npz	22233568
train/00472.npz	28499056
train/00473.npz	42991784
train/00474.npz	29763200
train/00475.npz	23375296
train/00476.npz	19261160
train/00477.npz	27395764
train/00478.npz	22851008
train/00479.npz	14036108
train/00480.npz	20200304
train/00481.npz	29665720
train/00482.npz	20529632
train/00483.npz	64104264
train/00484.npz	15283456
train/00485.npz	19434996
train/00486.npz	26655392
train/00487.npz	14721248
train/00488.npz	40074092
train/00489.npz	35838056
train/00490.npz	37250584
train/00491.npz	19904052
train/00492.npz	30532320
train/00493.npz	18495852
train/00494.npz	26093184
train/00495.npz	21975752
train/00496.npz	31170368
train/00497.npz	49395452
train/00498.npz	25015344
train/00499.npz	33293488
train/00500.npz	22778980
train/00501.npz	23628268
train/00502.npz	50199196
train/00503.npz	27141760
train/00504.npz	38632300
train/00505.npz	22242224
train/00506.npz	20770652
train/00507.npz	24681688
train/00508.npz	26470120
train/00509.npz	23336860
train/00510.npz	16720920
train/00511.npz	15634424
train/00512.npz	29678704
train/00513.npz	24529492
train/00514.npz	19739388
train/00515.npz	62349424
train/00516.npz	14864788
train/00517.npz	19097012
train/00518.npz	33572428
train/00519.npz	35415576
train/00520.npz	87081532
train/00521.npz	27903256
train/00522.npz	28220116
train/00523.npz	46830276
train/00524.npz	15896568
train/00525.npz	34341032
train/00526.npz	28638268
train/00527.npz	15372280
train/00528.npz	21675688
train/00529.npz	31001892
train/00530.npz	16843336
train/00531.npz	4139556
train/00532.npz	25907396
train/00533.npz	28422700
train/00534.npz	21752044
train/00535.npz	15600832
train/00536.npz	22013672
train/00537.npz	58358736
train/00538.npz	26990080
train/00539.npz	34400592
train/00540.npz	26241568
train/00541.npz	4029092
train/00542.npz	31098856
train/00543.npz	30557772
train/00544.npz	20610316
train/00545.npz	34460152
train/00546.npz	21726592
train/00547.npz	24258692
train/00548.npz	43456512
train/00549.npz	48952364
train/00550.npz	30676376
train/00551.npz	15211428
train/00552.npz	38806136
train/00553.npz	13681328
train/00554.npz	41854384
train/00555.npz	27983424
train/00556.npz	33893616
train/00557.npz	24068576
train/00558.npz	18216912
train/00559.npz	47713672
train/00560.npz	42188040
train/00561.npz	29695500
train/00562.npz	20018328
train/00563.npz	14733716
train/00564.npz	23831884
train/00565.npz	50694220
train/00566.npz	22546100
train/00567.npz	65029392
train/00568.npz	22186992
train/00569.npz	21819228
train/00570.npz	24989892
train/00571.npz	26680844
train/00572.npz	33694328
train/00573.npz	25831556
train/00574.npz	15452448
train/00575.npz	8532116
train/00576.npz	20251208
train/00577.npz	20761996
train/00578.npz	22211928
train/00579.npz	17709936
train/00580.npz	22913864
train/00581.npz	29294144
train/00582.npz	22931176
train/00583.npz	39316924
train/00584.npz	4477540
train/00585.npz	40391468
train/00586.npz	23210116
train/00587.npz	39275192
train/00588.npz	24271676
train/00589.npz	24630784
train/00590.npz	26389436
train/00591.npz	31454152
train/00592.npz	24876132
train/00593.npz	43176540
train/00594.npz	19861804
train/00595.npz	34460152
train/00596.npz	41917756
train/00597.npz	28650220
train/00598.npz	19362968
train/00599.npz	20682344
train/00600.npz	20880600
train/00601.npz	32320236
train/00602.npz	36370484
train/00603.npz	19629440
train/00604.npz	43916912
train/00605.npz	7991032
train/00606.npz	37313440
train/00607.npz	20411544
train/00608.npz	14116792
train/00609.npz	33901756
train/00610.npz	17486228
train/00611.npz	36302784
train/00612.npz	19071560
train/00613.npz	38700516
train/00614.npz	19438808
train/00615.npz	62079140
train/00616.npz	38467120
train/00617.npz	31279800
train/00618.npz	105805452
train/00619.npz	21459604
train/00620.npz	29826572
train/00621.npz	29648924
train/00622.npz	15334360
train/00623.npz	21988220
train/00624.npz	19942488
train/00625.npz	24651908
train/00626.npz	36869836
train/00627.npz	39880164
train/00628.npz	23028656
train/00629.npz	26744732
train/00630.npz	33635800
train/00631.npz	33686188
train/00632.npz	25286144
train/00633.npz	17435324
train/00634.npz	21734732
train/00635.npz	22090028
train/00636.npz	32361452
train/00637.npz	28123152
train/00638.npz	43405608
train/00639.npz	29048796
train/00640.npz	24300940
train/00641.npz	24140088
train/00642.npz	23362312
train/00643.npz	42855352
train/00644.npz	18965940
train/00645.npz	26232912
train/00646.npz	26017344
train/00647.npz	24452620
train/00648.npz	24512180
train/00649.npz	28105840
train/00650.npz	31276504
train/00651.npz	16725248
train/00652.npz	27691500
train/00653.npz	31640456
train/00654.npz	18462776
train/00655.npz	15211428
train/00656.npz	19012516
train/00657.npz	157645760
train/00658.npz	30929864
train/00659.npz	34417388
train/00660.npz	36172228
train/00661.npz	15643080
train/00662.npz	18830540
train/00663.npz	26157072
train/00664.npz	24816572
train/00665.npz	23451136
train/00666.npz	28795308
train/00667.npz	28959972
train/00668.npz	31411904
train/00669.npz	47409280
train/00670.npz	15245536
train/00671.npz	38480620
train/00672.npz	34958988
train/00673.npz	27632456
train/00674.npz	46521040
train/00675.npz	55242272
train/00676.npz	35876492
train/00677.npz	21375108
train/00678.npz	22690156
train/00679.npz	11335016
train/00680.npz	34198008
train/00681.npz	19688484
train/00682.npz	29327736
train/00683.npz	24850680
train/00684.npz	26833556
train/00685.npz	40974800
train/00686.npz	18551600
train/00687.npz	44208836
train/00688.npz	13296768
train/00689.npz	44614520
train/00690.npz	60540384
train/00691.npz	44153604
train/00692.npz	20771168
train/00693.npz	40594568
train/00694.npz	28448668
train/00695.npz	19375952
train/00696.npz	25467604
train/00697.npz	30046468
train/00698.npz	29771856
train/00699.npz	35190836
train/00700.npz	34684376
train/00701.npz	23709468
train/00702.npz	22111152
train/00703.npz	5259644
train/00704.npz	30473276
train/00705.npz	33322752
train/00706.npz	17596176
train/00707.npz	17282612
train/00708.npz	28253192
train/00709.npz	35787668
train/00710.npz	14023640
train/00711.npz	31289488
train/00712.npz	24850680
train/00713.npz	27704484
train/00714.npz	16091012
train/00715.npz	24520836
train/00716.npz	22787636
train/00717.npz	19828212
train/00718.npz	32680376
train/00719.npz	20821556
train/00720.npz	72944100
train/00721.npz	25734076
train/00722.npz	37651940
train/00723.npz	2706420
train/00724.npz	32557960
train/00725.npz	16636424
train/00726.npz	36185212
train/00727.npz	20804760
train/00728.npz	31335548
train/00729.npz	36463636
train/00730.npz	22682016
train/00731.npz	29915396
train/00732.npz	29915396
train/00733.npz	35106856
train/00734.npz	64839792
train/00735.npz	25286144
train/00736.npz	25903068
train/00737.npz	157307776
train/00738.npz	25065732
train/00739.npz	29289816
train/00740.npz	15545600
train/00741.npz	19726920
train/00742.npz	43329768
train/00743.npz	47391968
train/00744.npz	36915896
train/00745.npz	30160228
train/00746.npz	36962988
train/00747.npz	19722592
train/00748.npz	22090028
train/00749.npz	14074544
train/00750.npz	14598832
train/00751.npz	31251052
train/00752.npz	29556288
train/00753.npz	30109840
train/00754.npz	41291144
train/00755.npz	19942488
train/00756.npz	37571256
train/00757.npz	28971408
train/00758.npz	26457136
train/00759.npz	56460356
train/00760.npz	45827760
train/00761.npz	30392592
train/00762.npz	29044468
train/00763.npz	18462776
train/00764.npz	29691172
train/00765.npz	25024000
train/00766.npz	40192696
train/00767.npz	20999204
train/00768.npz	33944004
train/00769.npz	17786292
train/00770.npz	33458152
train/00771.npz	20538288
train/00772.npz	19409544
train/00773.npz	26194992
train/00774.npz	75158824
train/00775.npz	24867476
train/00776.npz	23028656
train/00777.npz	27589692
train/00778.npz	17629252
train/00779.npz	24939504
train/00780.npz	25353844
train/00781.npz	24879944
train/00782.npz	44196368
train/00783.npz	27010688
train/00784.npz	30811260
train/00785.npz	31006220
train/00786.npz	54993628
train/00787.npz	33102856
train/00788.npz	14856648
train/00789.npz	35639284
train/00790.npz	33618488
train/00791.npz	39089404
train/00792.npz	46335768
train/00793.npz	21164384
train/00794.npz	37469964
train/00795.npz	14103808
train/00796.npz	17198632
train/00797.npz	30646596
train/00798.npz	38015376
train/00799.npz	28017016
train/00800.npz	29306096
train/00801.npz	27733748
train/00802.npz	45244428
train/00803.npz	47429372
train/00804.npz	27632456
train/00805.npz	20305924
train/00806.npz	47612380
train/00807.npz	32236772
train/00808.npz	36510212
train/00809.npz	17329704
train/00810.npz	29048796
train/00811.npz	23252364
train/00812.npz	24566896
train/00813.npz	30845368
train/00814.npz	25543444
train/00815.npz	35157760
train/00816.npz	20487384
train/00817.npz	158448472
train/00818.npz	27301580
train/00819.npz	39579068
train/00820.npz	25598676
train/00821.npz	24436340
train/00822.npz	29932192
train/00823.npz	21282472
train/00824.npz	62827652
train/00825.npz	24436340
train/00826.npz	17380608
train/00827.npz	22064576
train/00828.npz	18247208
train/00829.npz	32451824
train/00830.npz	30088716
train/00831.npz	29733420
train/00832.npz	21176852
train/00833.npz	16120792
train/00834.npz	9225396
train/00835.npz	32172368
train/00836.npz	18488228
train/00837.npz	54545696
train/00838.npz	39279520
train/00839.npz	39434496
train/00840.npz	40492760
train/00841.npz	34675720
train/00842.npz	35871648
train/00843.npz	27023672
train/00844.npz	32464808
train/00845.npz	30676376
train/00846.npz	29995564
train/00847.npz	25336532
train/00848.npz	27983424
train/00849.npz	28511524
train/00850.npz	26431684
train/00851.npz	157392272
train/00852.npz	22923036
train/00853.npz	50435888
train/00854.npz	15042436
train/00855.npz	14700124
train/00856.npz	26296284
train/00857.npz	42107872
train/00858.npz	45675564
train/00859.npz	41042500
train/00860.npz	61411312
train/00861.npz	34701172
train/00862.npz	26681360
train/00863.npz	57428764
train/00864.npz	18606316
train/00865.npz	29458808
train/00866.npz	25953456
train/00867.npz	28528836
train/00868.npz	25455136
train/00869.npz	32456152
train/00870.npz	27462432
train/00871.npz	29636456
train/00872.npz	29399764
train/00873.npz	21836024
train/00874.npz	19101340
train/00875.npz	22952300
train/00876.npz	31821916
train/00877.npz	54384844
train/00878.npz	5018624
train/00879.npz	26165212
train/00880.npz	20509024
train/00881.npz	23425684
train/00882.npz	19054764
train/00883.npz	26947316
train/00884.npz	27112496
train/00885.npz	35452980
train/00886.npz	30270176
train/00887.npz	18090684
train/00888.npz	34591224
train/00889.npz	24668704
train/00890.npz	28384264
train/00891.npz	19861804
train/00892.npz	15655548
train/00893.npz	24325876
train/00894.npz	26072576
train/00895.npz	27792792
train/00896.npz	20148884
train/00897.npz	29416560
train/00898.npz	43354704
train/00899.npz	20225756
train/00900.npz	29293628
train/00901.npz	23261020
train/00902.npz	36282176
train/00903.npz	23611988
train/00904.npz	34734764
train/00905.npz	37943864
train/00906.npz	21016000
train/00907.npz	29260036
train/00908.npz	35153432
train/00909.npz	40716984
train/00910.npz	20534476
train/00911.npz	24550100
train/00912.npz	31754216
train/00913.npz	35199492
train/00914.npz	41084748
train/00915.npz	30042140
train/00916.npz	46821620
train/00917.npz	20153728
train/00918.npz	21996876
train/00919.npz	26143572
train/00920.npz	24338860
train/00921.npz	39638628
train/00922.npz	49924584
train/00923.npz	18568396
train/00924.npz	31259708
train/00925.npz	29729092
train/00926.npz	37161244
train/00927.npz	31800792
train/00928.npz	32380312
train/00929.npz	33978112
train/00930.npz	35813120
train/00931.npz	20610316
train/00932.npz	22736732
train/00933.npz	23235568
train/00934.npz	18893912
train/00935.npz	25666376
train/00936.npz	27569084
train/00937.npz	29585552
train/00938.npz	29771340
train/00939.npz	32502728
train/00940.npz	74280272
train/00941.npz	3699764
train/00942.npz	21219100
train/00943.npz	51324128
train/00944.npz	27006876
train/00945.npz	19773496
train/00946.npz	44082092
train/00947.npz	37998580
train/00948.npz	15875444
train/00949.npz	34633472
train/00950.npz	32062936
train/00951.npz	22669032
train/00952.npz	19638096
train/00953.npz	32227600
train/00954.npz	40332424
train/00955.npz	12569380
train/00956.npz	32084060
train/00957.npz	26824900
train/00958.npz	31352860
train/00959.npz	15055420
train/00960.npz	26393764
train/00961.npz	34460152
train/00962.npz	24347516
train/00963.npz	39190696
train/00964.npz	24161212
train/00965.npz	22470260
train/00966.npz	13812400
train/00967.npz	15592176
train/00968.npz	30029672
train/00969.npz	25725936
train/00970.npz	16657548
train/00971.npz	31872820
train/00972.npz	19980408
train/00973.npz	25996220
train/00974.npz	8565708
train/00975.npz	31695172
train/00976.npz	23874132
train/00977.npz	15558068
train/00978.npz	47270068
train/00979.npz	36514540
train/00980.npz	26169540
train/00981.npz	33229600
train/00982.npz	37453168
train/00983.npz	39339080
train/00984.npz	24461792
train/00985.npz	36595224
train/00986.npz	43350892
train/00987.npz	24702812
train/00988.npz	23789636
train/00989.npz	36801620
train/00990.npz	21789448
train/00991.npz	31508868
train/00992.npz	28609004
train/00993.npz	38877648
train/00994.npz	28443824
train/00995.npz	157941496
train/00996.npz	29635940
train/00997.npz	50908756
train/00998.npz	32586708
train/00999.npz	28160556
train/01000.npz	15423184
train/01001.npz	28942660
train/01002.npz	22500040
train/01003.npz	35749232
train/01004.npz	29801120
train/01005.npz	33064936
train/01006.npz	19050436
train/01007.npz	33576756
train/01008.npz	21980080
train/01009.npz	35652268
train/01010.npz	31377796
train/01011.npz	21438996
train/01012.npz	43316784
train/01013.npz	23083372
train/01014.npz	16053092
train/01015.npz	31631800
train/01016.npz	18661548
train/01017.npz	25112824
train/01018.npz	23408888
train/01019.npz	30206804
train/01020.npz	31615004
train/01021.npz	30616816
train/01022.npz	31429216
train/01023.npz	21586864
train/01024.npz	22195648
train/01025.npz	16179836
train/01026.npz	13444636
train/01027.npz	17672016
train/01028.npz	46563804
train/01029.npz	33834056
train/01030.npz	28033296
train/01031.npz	42450184
train/01032.npz	29052608
train/01033.npz	47645972
train/01034.npz	62404656
train/01035.npz	30646596
train/01036.npz	16179836
train/01037.npz	21273816
train/01038.npz	32497884
train/01039.npz	37656268
train/01040.npz	44369688
train/01041.npz	20944488
train/01042.npz	34658924
train/01043.npz	30735420
train/01044.npz	28418888
train/01045.npz	20242552
train/01046.npz	45084092
train/01047.npz	24850680
train/01048.npz	33825400
train/01049.npz	18483900
train/01050.npz	157455644
train/01051.npz	27915724
train/01052.npz	37707172
train/01053.npz	18707608
train/01054.npz	39465308
train/01055.npz	21921036
train/01056.npz	19971752
train/01057.npz	21096684
train/01058.npz	27269020
train/01059.npz	35305628
train/01060.npz	25975096
train/01061.npz	18796948
train/01062.npz	22127948
train/01063.npz	48170260
train/01064.npz	25839696
train/01065.npz	35977784
train/01066.npz	23675360
train/01067.npz	32430700
train/01068.npz	21160056
train/01069.npz	23747388
train/01070.npz	17253864
train/01071.npz	24747840
train/01072.npz	24271160
train/01073.npz	37469964
train/01074.npz	41144308
train/01075.npz	34231084
train/01076.npz	20051920
train/01077.npz	69608140
train/01078.npz	28702156
train/01079.npz	29179868
train/01080.npz	36493932
train/01081.npz	46196040
train/01082.npz	35411248
train/01083.npz	36958660
train/01084.npz	28110168
train/01085.npz	17536616
train/01086.npz	25002876
train/01087.npz	36239412
train/01088.npz	29889944
train/01089.npz	21252692
train/01090.npz	19650564
train/01091.npz	39858524
train/01092.npz	29433356
train/01093.npz	29174508
train/01094.npz	45168588
train/01095.npz	64349612
train/01096.npz	37309628
train/01097.npz	35369000
train/01098.npz	27378968
train/01099.npz	19375952
train/01100.npz	23201976
train/01101.npz	29192336
train/01102.npz	30125604
train/01103.npz	31441168
train/01104.npz	44031188
train/01105.npz	30126636
train/01106.npz	33230116
train/01107.npz	15110136
train/01108.npz	25480588
train/01109.npz	23231240
train/01110.npz	35195164
train/01111.npz	21929176
train/01112.npz	33048140
train/01113.npz	35136636
train/01114.npz	30739748
train/01115.npz	21755856
train/01116.npz	157688008
train/01117.npz	32371656
train/01118.npz	29572568
train/01119.npz	32087872
train/01120.npz	45760060
train/01121.npz	60324816
train/01122.npz	16522148
train/01123.npz	13829196
train/01124.npz	26114308
train/01125.npz	53716500
train/01126.npz	27319408
train/01127.npz	46779972
train/01128.npz	24275488
train/01129.npz	25277488
train/01130.npz	42047796
train/01131.npz	26313596
train/01132.npz	23641768
train/01133.npz	26097512
train/01134.npz	50085436
train/01135.npz	22009860
train/01136.npz	29817916
train/01137.npz	43122856
train/01138.npz	54719016
train/01139.npz	31720624
train/01140.npz	37550648
train/01141.npz	32735092
train/01142.npz	23155400
train/01143.npz	27209460
train/01144.npz	43240944
train/01145.npz	21561412
train/01146.npz	27382780
train/01147.npz	41549992
train/01148.npz	30638456
train/01149.npz	27289628
train/01150.npz	32460480
train/01151.npz	11647548
train/01152.npz	39926740
train/01153.npz	43105544
train/01154.npz	47210508
train/01155.npz	17244692
train/01156.npz	157624636
train/01157.npz	33698140
train/01158.npz	16374280
train/01159.npz	34409248
train/01160.npz	25120964
train/01161.npz	32147432
train/01162.npz	28304612
train/01163.npz	36912084
train/01164.npz	33846524
train/01165.npz	45413936
train/01166.npz	41731452
train/01167.npz	14446636
train/01168.npz	19282800
train/01169.npz	25396092
train/01170.npz	37402264
train/01171.npz	26689500
train/01172.npz	30067076
train/01173.npz	3399700
train/01174.npz	33678048
train/01175.npz	18902052
train/01176.npz	14911364
train/01177.npz	21921036
train/01178.npz	30747888
train/01179.npz	19629440
train/01180.npz	38886304
train/01181.npz	31661064
train/01182.npz	17168852
train/01183.npz	47636800
train/01184.npz	24042608
train/01185.npz	11288440
train/01186.npz	50161276
train/01187.npz	63127716
train/01188.npz	28930192
train/01189.npz	53979160
train/01190.npz	157519016
train/01191.npz	23108824
train/01192.npz	23269676
train/01193.npz	33665064
train/01194.npz	17722404
train/01195.npz	36349876
train/01196.npz	39630488
train/01197.npz	20724592
train/01198.npz	13968924
train/01199.npz	28650736
train/01200.npz	18897724
train/01201.npz	29970112
train/01202.npz	72223820
train/01203.npz	42112200
train/01204.npz	20589192
train/01205.npz	48072780
train/01206.npz	18462776
train/01207.npz	32308284
train/01208.npz	24863148
train/01209.npz	35572100
train/01210.npz	18902568
train/01211.npz	21607472
train/01212.npz	31006220
train/01213.npz	27911396
train/01214.npz	12582364
train/01215.npz	47599396
train/01216.npz	14543600
train/01217.npz	35352204
train/01218.npz	27154744
train/01219.npz	28016500
train/01220.npz	33491744
train/01221.npz	24457464
train/01222.npz	32942004
train/01223.npz	20884928
train/01224.npz	54955708
train/01225.npz	17515492
train/01226.npz	29098668
train/01227.npz	56131028
train/01228.npz	32266036
train/01229.npz	38133980
train/01230.npz	38120480
train/01231.npz	57762420
train/01232.npz	25353844
train/01233.npz	33952660
train/01234.npz	34476948
train/01235.npz	15638752
train/01236.npz	32113840
train/01237.npz	27103840
train/01238.npz	23066576
train/01239.npz	16801088
train/01240.npz	36636440
train/01241.npz	25353844
train/01242.npz	46191196
train/01243.npz	20969940
train/01244.npz	16454448
train/01245.npz	32921396
train/01246.npz	47336736
train/01247.npz	28351188
train/01248.npz	17046436
train/01249.npz	42594240
train/01250.npz	21442808
train/01251.npz	20064904
train/01252.npz	23780980
train/01253.npz	29411200
train/01254.npz	24364312
train/01255.npz	41681064
train/01256.npz	19769168
train/01257.npz	25539632
train/01258.npz	17388748
train/01259.npz	21616644
train/01260.npz	19490228
train/01261.npz	27690468
train/01262.npz	17769496
train/01263.npz	26198804
train/01264.npz	16577380
train/01265.npz	23261020
train/01266.npz	25590536
train/01267.npz	27323220
train/01268.npz	32316424
train/01269.npz	21032796
train/01270.npz	35241740
train/01271.npz	47463996
train/01272.npz	21511024
train/01273.npz	32743748
train/01274.npz	25268832
train/01275.npz	26651580
train/01276.npz	18111808
train/01277.npz	28871148
train/01278.npz	29306612
train/01279.npz	48173556
train/01280.npz	26457136
train/01281.npz	24977424
train/01282.npz	44310128
train/01283.npz	25649580
train/01284.npz	33225788
train/01285.npz	22808760
train/01286.npz	3433292
train/01287.npz	44792168
train/01288.npz	17794948
train/01289.npz	23611988
train/01290.npz	30811776
train/01291.npz	23958628
train/01292.npz	41934036
train/01293.npz	32231928
train/01294.npz	20948300
train/01295.npz	17515492
train/01296.npz	15431324
train/01297.npz	30849696
train/01298.npz	37955816
train/01299.npz	21404372
train/01300.npz	13727904
train/01301.npz	19790292
train/01302.npz	25112824
train/01303.npz	19853664
train/01304.npz	58307832
train/01305.npz	23705140
train/01306.npz	26858492
train/01307.npz	42201024
train/01308.npz	39012532
train/01309.npz	157117660
train/01310.npz	52634848
train/01311.npz	29010876
train/01312.npz	27877804
train/01313.npz	33538320
train/01314.npz	29163072
train/01315.npz	14116792
train/01316.npz	15486556
train/01317.npz	50317800
train/01318.npz	23590864
train/01319.npz	29183680
train/01320.npz	20568068
train/01321.npz	33910412
train/01322.npz	45789840
train/01323.npz	40137980
train/01324.npz	22212444
train/01325.npz	16179836
train/01326.npz	23425684
train/01327.npz	29813072
train/01328.npz	33440840
train/01329.npz	71811544
train/01330.npz	13529132
train/01331.npz	16399732
train/01332.npz	26808104
train/01333.npz	25437824
train/01334.npz	27860492
train/01335.npz	12074872
train/01336.npz	21138932
train/01337.npz	40023704
train/01338.npz	23353656
train/01339.npz	27767856
train/01340.npz	29183680
train/01341.npz	22377624
train/01342.npz	43773372
train/01343.npz	32409576
train/01344.npz	52148480
train/01345.npz	36827072
train/01346.npz	29230256
train/01347.npz	22863476
train/01348.npz	21633440
train/01349.npz	24655720
train/01350.npz	22237896
train/01351.npz	46373688
train/01352.npz	36248584
train/01353.npz	22398748
train/01354.npz	14716920
train/01355.npz	29289816
train/01356.npz	15976736
train/01357.npz	15405872
train/01358.npz	69393204
train/01359.npz	19523820
train/01360.npz	23392092
train/01361.npz	29361328
train/01362.npz	21793776
train/01363.npz	37342704
train/01364.npz	30426700
train/01365.npz	42107872
train/01366.npz	22534148
train/01367.npz	57348080
train/01368.npz	35597552
train/01369.npz	157772504
train/01370.npz	25146416
train/01371.npz	34510540
train/01372.npz	28465464
train/01373.npz	20415872
train/01374.npz	20825884
train/01375.npz	38437340
train/01376.npz	18779636
train/01377.npz	32375468
train/01378.npz	21206632
train/01379.npz	41379968
train/01380.npz	39531976
train/01381.npz	42309940
train/01382.npz	13723576
train/01383.npz	23020000
train/01384.npz	31344204
train/01385.npz	25590020
train/01386.npz	52722640
train/01387.npz	24457464
train/01388.npz	32219460
train/01389.npz	28921536
train/01390.npz	29517852
train/01391.npz	25844024
train/01392.npz	61804528
train/01393.npz	61394516
train/01394.npz	33838900
train/01395.npz	20207928
train/01396.npz	39131136
train/01397.npz	39457168
train/01398.npz	20432668
train/01399.npz	34138448
train/01400.npz	30427216
train/01401.npz	29094856
train/01402.npz	20910380
train/01403.npz	50389828
train/01404.npz	17096824
train/01405.npz	32092716
train/01406.npz	19629440
train/01407.npz	31027344
train/01408.npz	27450480
train/01409.npz	33821588
train/01410.npz	35876492
train/01411.npz	26431684
train/01412.npz	41287332
train/01413.npz	40217632
train/01414.npz	25547772
train/01415.npz	17371952
train/01416.npz	30206804
train/01417.npz	29319596
train/01418.npz	26613144
train/01419.npz	20681828
train/01420.npz	39922412
train/01421.npz	17029640
train/01422.npz	26727936
train/01423.npz	18843008
train/01424.npz	28768824
train/01425.npz	22453464
train/01426.npz	19244880
train/01427.npz	29314236
train/01428.npz	28604160
train/01429.npz	28968112
train/01430.npz	33940192
train/01431.npz	24858820
train/01432.npz	22770840
train/01433.npz	26672704
train/01434.npz	32113324
train/01435.npz	18898240
train/01436.npz	27801448
train/01437.npz	30135292
train/01438.npz	27615660
train/01439.npz	18961612
train/01440.npz	25835368
train/01441.npz	20572396
train/01442.npz	20665032
train/01443.npz	74013800
train/01444.npz	37482948
train/01445.npz	43752248
train/01446.npz	30160228
train/01447.npz	31885288
train/01448.npz	29074248
train/01449.npz	19134416
train/01450.npz	24482400
train/01451.npz	45287192
train/01452.npz	33238256
train/01453.npz	10206272
train/01454.npz	158004868
train/01455.npz	64129716
train/01456.npz	24769996
train/01457.npz	30477604
train/01458.npz	34168228
train/01459.npz	25167540
train/01460.npz	36108856
train/01461.npz	16661876
train/01462.npz	25822384
train/01463.npz	26063404
train/01464.npz	19992876
train/01465.npz	39440372
train/01466.npz	9398716
train/01467.npz	13157040
train/01468.npz	40023704
train/01469.npz	23333048
train/01470.npz	24043124
train/01471.npz	38586240
train/01472.npz	42763232
train/01473.npz	33348204
train/01474.npz	24977424
train/01475.npz	25822900
train/01476.npz	38526680
train/01477.npz	26495056
train/01478.npz	20128276
train/01479.npz	26304424
train/01480.npz	17896240
train/01481.npz	32392780
train/01482.npz	28156744
train/01483.npz	16483712
train/01484.npz	37356204
train/01485.npz	44657284
train/01486.npz	18779636
train/01487.npz	22284472
train/01488.npz	45067296
train/01489.npz	23113152
train/01490.npz	22500040
train/01491.npz	23831884
train/01492.npz	20775496
train/01493.npz	19236224
train/01494.npz	17891912
train/01495.npz	40463496
train/01496.npz	21996876
train/01497.npz	19008188
train/01498.npz	54498604
train/01499.npz	31195820
train/01500.npz	35901428
train/01501.npz	46212836
train/01502.npz	32147432
train/01503.npz	22800104
train/01504.npz	30566428
train/01505.npz	21781308
train/01506.npz	27408232
train/01507.npz	23438668
train/01508.npz	41951348
train/01509.npz	13444636
train/01510.npz	38243928
train/01511.npz	23277816
train/01512.npz	23366640
train/01513.npz	2744340
train/01514.npz	16966268
train/01515.npz	25552616
train/01516.npz	27302612
train/01517.npz	27953644
train/01518.npz	31217460
train/01519.npz	33737092
train/01520.npz	25780652
train/01521.npz	26829228
train/01522.npz	16801088
train/01523.npz	25438340
train/01524.npz	18268332
train/01525.npz	43004252
train/01526.npz	16027640
train/01527.npz	30875148
train/01528.npz	15562396
train/01529.npz	24914052
train/01530.npz	28655064
train/01531.npz	46355344
train/01532.npz	41782356
train/01533.npz	61026752
train/01534.npz	34705500
train/01535.npz	27442340
train/01536.npz	23992220
train/01537.npz	34489932
train/01538.npz	35888444
train/01539.npz	46064452
train/01540.npz	59348268
train/01541.npz	75426328
train/01542.npz	23755528
train/01543.npz	29501056
train/01544.npz	46301660
train/01545.npz	18044108
train/01546.npz	38551100
train/01547.npz	31188196
train/01548.npz	38509884
train/01549.npz	20432152
train/01550.npz	45705344
train/01551.npz	26308752
train/01552.npz	35068936
train/01553.npz	41625832
train/01554.npz	51213664
train/01555.npz	41042500
train/01556.npz	19392748
train/01557.npz	24994220
train/01558.npz	47666580
train/01559.npz	30232256
train/01560.npz	41422732
train/01561.npz	30004220
train/01562.npz	28392920
train/01563.npz	30591880
train/01564.npz	37791152
train/01565.npz	14797088
train/01566.npz	32451824
train/01567.npz	40792308
train/01568.npz	70187776
train/01569.npz	54824636
train/01570.npz	28498540
train/01571.npz	31636128
train/01572.npz	35296456
train/01573.npz	21155212
train/01574.npz	17875116
train/01575.npz	39528680
train/01576.npz	24938472
train/01577.npz	35267708
train/01578.npz	33373656
train/01579.npz	27298284
train/01580.npz	44280864
train/01581.npz	17684484
train/01582.npz	20994876
train/01583.npz	33589224
train/01584.npz	30760356
train/01585.npz	21595520
train/01586.npz	29991752
train/01587.npz	50994284
train/01588.npz	35862992
train/01589.npz	28710296
train/01590.npz	36869836
train/01591.npz	36831916
train/01592.npz	20597848
train/01593.npz	27526836
train/01594.npz	40475964
train/01595.npz	64002456
train/01596.npz	31475276
train/01597.npz	27497056
train/01598.npz	27577224
train/01599.npz	21980080
train/01600.npz	53539368
train/01601.npz	33111512
train/01602.npz	25717280
train/01603.npz	15989720
train/01604.npz	26545444
train/01605.npz	26782652
train/01606.npz	26972252
train/01607.npz	26470120
train/01608.npz	14336688
train/01609.npz	32557444
train/01610.npz	20504696
train/01611.npz	38750904
train/01612.npz	35774684
train/01613.npz	51011080
train/01614.npz	31229928
train/01615.npz	22314252
train/01616.npz	33804276
train/01617.npz	24359984
train/01618.npz	32117136
train/01619.npz	18458448
train/01620.npz	28536460
train/01621.npz	27920052
train/01622.npz	28177868
train/01623.npz	31369656
train/01624.npz	28139948
train/01625.npz	15507680
train/01626.npz	13943472
train/01627.npz	23924520
train/01628.npz	30752216
train/01629.npz	35369000
train/01630.npz	31775340
train/01631.npz	24229428
train/01632.npz	11140572
train/01633.npz	29792980
train/01634.npz	41461168
train/01635.npz	19781636
train/01636.npz	36717640
train/01637.npz	29027156
train/01638.npz	28845696
train/01639.npz	30304284
train/01640.npz	25192992
train/01641.npz	26448996
train/01642.npz	36840056
train/01643.npz	25289956
train/01644.npz	50026392
train/01645.npz	25945316
train/01646.npz	11495868
train/01647.npz	39163696
train/01648.npz	32070560
train/01649.npz	29805448
train/01650.npz	23586020
train/01651.npz	157328900
train/01652.npz	35834244
train/01653.npz	28985424
train/01654.npz	31102668
train/01655.npz	45604052
train/01656.npz	30308096
train/01657.npz	38104200
train/01658.npz	25192992
train/01659.npz	41587912
train/01660.npz	27260364
train/01661.npz	47836604
train/01662.npz	28342532
train/01663.npz	28008876
train/01664.npz	19384092
train/01665.npz	40928224
train/01666.npz	17329704
train/01667.npz	23679688
train/01668.npz	25560756
train/01669.npz	17837196
train/01670.npz	26055780
train/01671.npz	108696344
train/01672.npz	31619332
train/01673.npz	27530648
train/01674.npz	28156744
train/01675.npz	23988408
train/01676.npz	28338204
train/01677.npz	44398952
train/01678.npz	39465308
train/01679.npz	17093012
train/01680.npz	21223428
train/01681.npz	30718624
train/01682.npz	21392420
train/01683.npz	19997204
train/01684.npz	27052936
train/01685.npz	26803776
train/01686.npz	15833196
train/01687.npz	19599660
train/01688.npz	22204304
train/01689.npz	49555788
train/01690.npz	19959284
train/01691.npz	4270628
train/01692.npz	41371828
train/01693.npz	30334064
train/01694.npz	36277848
train/01695.npz	34227272
train/01696.npz	39757232
train/01697.npz	24525164
train/01698.npz	20449464
train/01699.npz	45908444
train/01700.npz	15980548
train/01701.npz	35060280
train/01702.npz	21371296
train/01703.npz	43934224
train/01704.npz	23877944
train/01705.npz	28596536
train/01706.npz	33699172
train/01707.npz	27336720
train/01708.npz	28761200
train/01709.npz	21696296
train/01710.npz	29479416
train/01711.npz	33762028
train/01712.npz	33935864
train/01713.npz	30731092
train/01714.npz	27049124
train/01715.npz	23366640
train/01716.npz	19227568
train/01717.npz	33191680
train/01718.npz	30845368
train/01719.npz	18187648
train/01720.npz	17638424
train/01721.npz	19249208
train/01722.npz	86054080
train/01723.npz	29594208
train/01724.npz	25442668
train/01725.npz	26613660
train/01726.npz	38548320
train/01727.npz	29103512
train/01728.npz	13943472
train/01729.npz	22343516
train/01730.npz	26414888
train/01731.npz	36641284
train/01732.npz	37215960
train/01733.npz	32637096
train/01734.npz	27154744
train/01735.npz	45134480
train/01736.npz	9352140
train/01737.npz	34019328
train/01738.npz	39296316
train/01739.npz	21206116
train/01740.npz	20652564
train/01741.npz	21329048
train/01742.npz	21971424
train/01743.npz	35453496
train/01744.npz	38273192
train/01745.npz	27015016
train/01746.npz	30857836
train/01747.npz	22986408
train/01748.npz	22424200
train/01749.npz	21865804
train/01750.npz	22170196
train/01751.npz	28194664
train/01752.npz	34451496
train/01753.npz	53129356
train/01754.npz	29158744
train/01755.npz	37715312
train/01756.npz	31073404
train/01757.npz	36561116
train/01758.npz	28198476
train/01759.npz	35262864
train/01760.npz	24157400
train/01761.npz	24410888
train/01762.npz	33491744
train/01763.npz	17189976
train/01764.npz	37785792
train/01765.npz	31910740
train/01766.npz	17650892
train/01767.npz	29124636
train/01768.npz	17925504
train/01769.npz	46432732
train/01770.npz	24753200
train/01771.npz	25108496
train/01772.npz	21134604
train/01773.npz	26723092
train/01774.npz	157688008
train/01775.npz	25704812
train/01776.npz	61525072
train/01777.npz	32484900
train/01778.npz	16509680
train/01779.npz	25091700
train/01780.npz	22478916
train/01781.npz	20707280
train/01782.npz	20686672
train/01783.npz	28435684
train/01784.npz	17240880
train/01785.npz	38881976
train/01786.npz	59014096
train/01787.npz	33775012
train/01788.npz	31323080
train/01789.npz	23945644
train/01790.npz	33969456
train/01791.npz	38112856
train/01792.npz	18733060
train/01793.npz	24626456
train/01794.npz	28055452
train/01795.npz	42606192
train/01796.npz	18285128
train/01797.npz	2596472
train/01798.npz	42281192
train/01799.npz	40069764
train/01800.npz	30985096
train/01801.npz	34257052
train/01802.npz	36751232
train/01803.npz	37275004
train/01804.npz	13863304
train/01805.npz	34544648
train/01806.npz	13795604
train/01807.npz	45367360
train/01808.npz	35267192
train/01809.npz	14209944
train/01810.npz	37199164
train/01811.npz	25429168
train/01812.npz	18585192
train/01813.npz	19084028
train/01814.npz	25425872
train/01815.npz	27585880
train/01816.npz	22356500
train/01817.npz	41291660
train/01818.npz	26854164
train/01819.npz	33004860
train/01820.npz	39436044
train/01821.npz	28063592
train/01822.npz	20542100
train/01823.npz	31238068
train/01824.npz	39422544
train/01825.npz	30714296
train/01826.npz	31267332
train/01827.npz	35584568
train/01828.npz	45189712
train/01829.npz	30803120
train/01830.npz	21290612
train/01831.npz	42019048
train/01832.npz	40945020
train/01833.npz	28693500
train/01834.npz	22715092
train/01835.npz	24673032
train/01836.npz	38158916
train/01837.npz	15938300
train/01838.npz	22956628
train/01839.npz	46724656
train/01840.npz	26723608
train/01841.npz	100394612
train/01842.npz	44618848
train/01843.npz	28871148
train/01844.npz	22914380
train/01845.npz	38425388
train/01846.npz	32075404
train/01847.npz	23214444
train/01848.npz	20419684
train/01849.npz	25155072
train/01850.npz	33398592
train/01851.npz	16268144
train/01852.npz	43033516
train/01853.npz	23616316
train/01854.npz	15871116
train/01855.npz	157181032
train/01856.npz	27302612
train/01857.npz	43346564
train/01858.npz	25830524
train/01859.npz	30165072
train/01860.npz	15845664
train/01861.npz	26960300
train/01862.npz	17883772
train/01863.npz	39085076
train/01864.npz	24749388
train/01865.npz	25763856
train/01866.npz	42027188
train/01867.npz	29019016
train/01868.npz	38471448
train/01869.npz	39980940
train/01870.npz	32705828
train/01871.npz	17528476
train/01872.npz	22224912
train/01873.npz	38763888
train/01874.npz	19219428
train/01875.npz	32697172
train/01876.npz	31195820
train/01877.npz	22026656
train/01878.npz	4270628
train/01879.npz	25061404
train/01880.npz	38226616
train/01881.npz	10142900
train/01882.npz	31982768
train/01883.npz	33914740
train/01884.npz	28182196
train/01885.npz	100880464
train/01886.npz	24520836
train/01887.npz	28502868
train/01888.npz	23032468
train/01889.npz	44267880
train/01890.npz	36226944
train/01891.npz	21811088
train/01892.npz	34181212
train/01893.npz	20081700
train/01894.npz	61080436
train/01895.npz	19531960
train/01896.npz	23311924
train/01897.npz	24110824
train/01898.npz	56819980
train/01899.npz	48039188
train/01900.npz	21734216
train/01901.npz	38442184
train/01902.npz	30595176
train/01903.npz	42860196
train/01904.npz	17325376
train/01905.npz	38044640
train/01906.npz	18564068
train/01907.npz	35470292
train/01908.npz	34561444
train/01909.npz	25603004
train/01910.npz	29323408
train/01911.npz	42683064
train/01912.npz	88788764
train/01913.npz	32185352
train/01914.npz	15854320
train/01915.npz	21654564
train/01916.npz	28655064
train/01917.npz	23747388
train/01918.npz	37115184
train/01919.npz	48284536
train/01920.npz	25214116
train/01921.npz	30215460
train/01922.npz	28211460
train/01923.npz	53627676
train/01924.npz	61808856
train/01925.npz	58646332
train/01926.npz	15245536
train/01927.npz	38724936
train/01928.npz	30654736
train/01929.npz	33204664
train/01930.npz	71096624
train/01931.npz	49146808
train/01932.npz	12865116
train/01933.npz	29534648
train/01934.npz	14445604
train/01935.npz	62721516
train/01936.npz	29133292
train/01937.npz	36645096
train/01938.npz	36561116
train/01939.npz	20682344
train/01940.npz	23489572
train/01941.npz	16547600
train/01942.npz	35948004
train/01943.npz	33876304
train/01944.npz	32346204
train/01945.npz	23764184
train/01946.npz	26368312
train/01947.npz	23578396
train/01948.npz	32958800
train/01949.npz	28017016
train/01950.npz	31301956
train/01951.npz	58012096
train/01952.npz	62299036
train/01953.npz	35622488
train/01954.npz	17858320
train/01955.npz	59669456
train/01956.npz	27852352
train/01957.npz	36937536
train/01958.npz	34481276
train/01959.npz	18669688
train/01960.npz	32823916
train/01961.npz	15740044
train/01962.npz	17486228
train/01963.npz	46145136
train/01964.npz	17114136
train/01965.npz	23894224
train/01966.npz	44884804
train/01967.npz	26199320
train/01968.npz	29648924
train/01969.npz	19507024
train/01970.npz	12070544
train/01971.npz	68044048
train/01972.npz	21701140
train/01973.npz	29852024
train/01974.npz	36907756
train/01975.npz	32430700
train/01976.npz	16657548
train/01977.npz	11609628
train/01978.npz	19667360
train/01979.npz	20094684
train/01980.npz	36675392
train/01981.npz	24287956
train/01982.npz	26765340
train/01983.npz	42750248
train/01984.npz	23649908
train/01985.npz	36041156
train/01986.npz	30697500
train/01987.npz	37068608
train/01988.npz	24131948
train/01989.npz	19612128
train/01990.npz	30536648
train/01991.npz	34370812
train/01992.npz	43688876
train/01993.npz	28287816
train/01994.npz	17202960
train/01995.npz	33994908
train/01996.npz	17786292
train/01997.npz	30971596
train/01998.npz	9660860
train/01999.npz	21379952
val/02000.npz	34890772
val/02001.npz	41858196
val/02002.npz	32471916
val/02003.npz	33948332
val/02004.npz	47498104
val/02005.npz	30494400
val/02006.npz	18521820
val/02007.npz	23616316
val/02008.npz	21853336
val/02009.npz	48377688
val/02010.npz	50216508
val/02011.npz	20301596
val/02012.npz	22660892
val/02013.npz	52098092
val/02014.npz	38767700
val/02015.npz	49100232
val/02016.npz	45620848
val/02017.npz	22910052
val/02018.npz	16335844
val/02019.npz	32084060
val/02020.npz	28080904
val/02021.npz	16691140
val/02022.npz	30329220
val/02023.npz	20686672
val/02024.npz	23920708
val/02025.npz	14336688
val/02026.npz	34350204
val/02027.npz	27864820
val/02028.npz	30595692
val/02029.npz	26609332
val/02030.npz	23054108
val/02031.npz	17350828
val/02032.npz	24081044
val/02033.npz	24474260
val/02034.npz	47197524
val/02035.npz	18247208
val/02036.npz	14780292
val/02037.npz	23923488
val/02038.npz	26736076
val/02039.npz	38285660
val/02040.npz	21172524
val/02041.npz	47882148
val/02042.npz	30283160
val/02043.npz	33889288
val/02044.npz	21096684
val/02045.npz	24820900
val/02046.npz	13444636
val/02047.npz	17376280
val/02048.npz	44644300
val/02049.npz	27767340
val/02050.npz	20834540
val/02051.npz	25543960
val/02052.npz	30955316
val/02053.npz	22432340
val/02054.npz	24148744
val/02055.npz	22572068
val/02056.npz	29733420
val/02057.npz	16175508
val/02058.npz	45976144
val/02059.npz	40006908
val/02060.npz	36239928
val/02061.npz	19346172
val/02062.npz	29881288
val/02063.npz	32248208
val/02064.npz	25518508
val/02065.npz	41663752
val/02066.npz	15194632
val/02067.npz	44491072
val/02068.npz	25649064
val/02069.npz	18885256
val/02070.npz	25209788
val/02071.npz	41968660
val/02072.npz	39389468
val/02073.npz	23815088
val/02074.npz	22347328
val/02075.npz	40869180
val/02076.npz	22216772
val/02077.npz	26541632
val/02078.npz	31483932
val/02079.npz	24491056
val/02080.npz	22664704
val/02081.npz	26850352
val/02082.npz	25239568
val/02083.npz	42091076
val/02084.npz	28008360
val/02085.npz	158047116
val/02086.npz	25382592
val/02087.npz	28659908
val/02088.npz	26296284
val/02089.npz	20940160
val/02090.npz	16589848
val/02091.npz	25358172
val/02092.npz	17114136
val/02093.npz	14746700
val/02094.npz	21781308
val/02095.npz	39461496
val/02096.npz	28634456
val/02097.npz	40505744
val/02098.npz	35515836
val/02099.npz	21134604
val/02100.npz	22669032
val/02101.npz	19701468
val/02102.npz	41473636
val/02103.npz	62725844
val/02104.npz	30409388
val/02105.npz	6748012
val/02106.npz	34045812
val/02107.npz	33876304
val/02108.npz	16285456
val/02109.npz	49594740
val/02110.npz	27010688
val/02111.npz	21265676
val/02112.npz	62451232
val/02113.npz	33571912
val/02114.npz	32387420
val/02115.npz	30536648
val/02116.npz	19793588
val/02117.npz	33783668
val/02118.npz	22593192
val/02119.npz	31931864
val/02120.npz	39338564
val/02121.npz	41629644
val/02122.npz	30130448
val/02123.npz	30976440
val/02124.npz	28714624
val/02125.npz	16636424
val/02126.npz	37643800
val/02127.npz	39393280
val/02128.npz	37791152
val/02129.npz	64116732
val/02130.npz	37364344
val/02131.npz	22969612
val/02132.npz	27315080
val/02133.npz	27484588
val/02134.npz	36176556
val/02135.npz	25455136
val/02136.npz	35013704
val/02137.npz	26004876
val/02138.npz	21422200
val/02139.npz	20048108
val/02140.npz	20859992
val/02141.npz	31234256
val/02142.npz	39122996
val/02143.npz	19548756
val/02144.npz	42251412
val/02145.npz	23895256
val/02146.npz	40852384
val/02147.npz	45882992
val/02148.npz	14273316
val/02149.npz	26076904
val/02150.npz	21104824
val/02151.npz	25696156
val/02152.npz	18022984
val/02153.npz	75130076
val/02154.npz	32112808
val/02155.npz	30858352
val/02156.npz	29978768
val/02157.npz	19329376
val/02158.npz	19946816
val/02159.npz	17650892
val/02160.npz	19731248
val/02161.npz	42579708
val/02162.npz	26951644
val/02163.npz	23535632
val/02164.npz	25163728
val/02165.npz	12806072
val/02166.npz	28385296
val/02167.npz	50127684
val/02168.npz	51163276
val/02169.npz	17853992
val/02170.npz	23518836
val/02171.npz	29264364
val/02172.npz	18999532
val/02173.npz	15917692
val/02174.npz	39524868
val/02175.npz	25357656
val/02176.npz	31699500
val/02177.npz	27013984
val/02178.npz	37055624
val/02179.npz	36742576
val/02180.npz	56231804
val/02181.npz	41211492
val/02182.npz	46060640
val/02183.npz	36125136
val/02184.npz	61808856
val/02185.npz	15173508
val/02186.npz	24448292
val/02187.npz	17676344
val/02188.npz	31585224
val/02189.npz	24005204
val/02190.npz	38831072
val/02191.npz	31365328
val/02192.npz	24385436
val/02193.npz	27995892
val/02194.npz	21016000
val/02195.npz	18614972
val/02196.npz	24686016
val/02197.npz	15164852
val/02198.npz	21776980
val/02199.npz	44475308
val/02200.npz	23472776
val/02201.npz	28169212
val/02202.npz	35926880
val/02203.npz	22183180
val/02204.npz	21942160
val/02205.npz	17046436
val/02206.npz	26693828
val/02207.npz	23434340
val/02208.npz	14243536
val/02209.npz	3551896
val/02210.npz	36070936
val/02211.npz	21328532
val/02212.npz	41194696
val/02213.npz	17790620
val/02214.npz	27826900
val/02215.npz	22821228
val/02216.npz	30735420
val/02217.npz	32549304
val/02218.npz	25434012
val/02219.npz	29149572
val/02220.npz	30523664
val/02221.npz	27742404
val/02222.npz	28638784
val/02223.npz	21607988
val/02224.npz	64230492
val/02225.npz	35867836
val/02226.npz	24254364
val/02227.npz	30629800
val/02228.npz	19811416
val/02229.npz	24516508
val/02230.npz	19358640
val/02231.npz	21050108
val/02232.npz	30600020
val/02233.npz	25717280
val/02234.npz	39097544
val/02235.npz	27230584
val/02236.npz	16610972
val/02237.npz	31893944
val/02238.npz	23095840
val/02239.npz	32992392
val/02240.npz	58963192
val/02241.npz	39870476
val/02242.npz	27269020
val/02243.npz	39905100
val/02244.npz	44555992
val/02245.npz	22910052
val/02246.npz	40958004
val/02247.npz	22072716
val/02248.npz	19333188
val/02249.npz	34793808
